<?xml version="1.0"?>
<psalm
    totallyTyped="false"
    xmlns:xsi="http://www.w3.org/2001/XMLSchema-instance"
    xmlns="https://getpsalm.org/schema/config"
    xsi:schemaLocation="https://getpsalm.org/schema/config file:///home/david/src/postfixadmin-stuff/postfixadmin.trunk/vendor/vimeo/psalm/config.xsd"
>
    <projectFiles>
        <directory name="." />
        <ignoreFiles>
            <directory name="vendor" />
            <directory name="tests" />
            <directory name="templates_c" />
            <directory name="lib/smarty" />
            <file name="lib/block_random_int.php" />
            <directory name="ADDITIONS/" />
        </ignoreFiles>
    </projectFiles>

    <issueHandlers>

        <PossiblyUndefinedGlobalVariable>
            <errorLevel type="suppress">
                <file name="config.inc.php" />
                <file name="config.local.php" />
            </errorLevel>
        </PossiblyUndefinedGlobalVariable>

        <InvalidGlobal>
            <errorLevel type="suppress">
                <file name="config.inc.php" />
                <file name="common.php" />
            </errorLevel>
        </InvalidGlobal>
        <LessSpecificReturnType errorLevel="info" />

        <!-- level 3 issues - slightly lazy code writing, but provably low false-negatives -->

        <MissingClosureReturnType errorLevel="info" />
        <MissingReturnType errorLevel="info" />
        <MissingPropertyType errorLevel="info" />

        <PropertyNotSetInConstructor errorLevel="info" />
        <MissingConstructor errorLevel="info" />
        <MissingClosureParamType errorLevel="info" />
        <MissingParamType errorLevel="info" />

        <RedundantConditionGivenDocblockType errorLevel="info" />

        <UnresolvableInclude errorLevel="info" />
        <RawObjectIteration errorLevel="info" />
        <InvalidStringClass errorLevel="info" />
    </issueHandlers>
</psalm>
